"Title","Project","Client","Date","Start","End","Hours","AmountUSD","Status","Note"
"Migrate auth module","Growth Workspace","Bright Digital","2025-09-18","16:22","20:17","3.91","293.17","logged","Worked on UI"
"Integrate billing logic","Internal Website","Bright Digital","2025-09-18","15:22","16:48","1.42","66.94","logged","Worked on tests"
"Document logging system","AI Engine","Vertex Works","2025-09-18","13:22","13:58","0.59","56.51","logged","Worked on logic"
"Implement auth module","Analytics Portal","NextGen Solutions","2025-09-18","13:22","14:52","1.5","94.46","logged","Worked on docs"
"Refactor UI components","Marketing Workflow","Globex Solutions","2025-09-18","13:22","17:19","3.94","331.33","logged","Worked on docs"
"Design billing logic","Platform Engine","Acme Corp","2025-09-18","13:22","14:29","1.11","93.64","logged","Worked on docs"
"Implement contract signer","Internal Website","Bright Digital","2025-09-18","12:22","15:55","3.55","333.65","logged","Worked on UI"
"Refactor UI components","Platform App","Client Name","2025-09-18","12:22","16:13","3.85","269.25","logged","Worked on docs"
"Integrate contract signer","Payment Console","Bright Corp","2025-09-18","11:22","14:57","3.58","304.13","logged","Worked on UI"
"Integrate API gateway","Growth Website","Bright Works","2025-09-18","11:22","14:13","2.85","136.64","logged","Worked on tests"
"Document logging system","Mobile API","Bright Works","2025-09-18","11:22","12:04","0.7","60.88","logged","Worked on UI"
"Audit UI components","Field Workflow","Bright Digital","2025-09-18","10:22","11:14","0.85","76","logged","Worked on docs"
"Document billing logic","Payment Console","Bright Corp","2025-09-18","09:22","12:27","3.07","205.73","logged","Worked on UI"
"Migrate logging system","Growth Workspace","Globex Solutions","2025-09-18","09:22","11:00","1.62","82.8","logged","Worked on logic"
"Test contract signer","Platform App","Client Name","2025-09-18","09:22","10:24","1.03","42.07","logged","Worked on logic"
"Document email queue","Marketing Workflow","Globex Solutions","2025-09-18","08:22","09:32","1.16","72.13","logged","Worked on docs"
"Implement report export","Platform App","Client Name","2025-09-18","08:22","09:55","1.54","66.29","logged","Worked on logic"
"Optimize API gateway","Payment Console","Bright Corp","2025-09-18","07:22","10:22","2.99","143.37","logged","Worked on docs"
"Integrate notification service","Growth API","Prime Studios","2025-09-18","07:22","09:01","1.65","132","logged","Worked on docs"
"Audit UI components","Growth Workspace","Globex Solutions","2025-09-18","06:22","09:46","3.4","173.51","logged","Worked on docs"
"Refactor API gateway","Platform Engine","Acme Corp","2025-09-18","06:22","09:18","2.93","290.26","logged","Worked on docs"
"Audit PDF generator","Growth API","Prime Studios","2025-09-18","06:22","07:34","1.2","49.18","logged","Worked on tests"
"Audit API gateway","Field Workflow","Bright Digital","2025-09-18","04:22","06:48","2.43","165.35","logged","Worked on tests"
"Test notification service","Internal Dashboard","Bright Corp","2025-09-18","04:22","07:02","2.66","210.4","logged","Worked on tests"
"Migrate email queue","Growth Workspace","Globex Solutions","2025-09-18","03:22","06:47","3.42","225.43","logged","Worked on tests"
"Optimize auth module","Marketing Workflow","Globex Solutions","2025-09-18","02:22","04:55","2.55","196.24","logged","Worked on UI"
"Refactor UI components","Customer Workspace","Prime Studios","2025-09-18","01:22","03:41","2.31","150.02","logged","Worked on tests"
"Migrate auth module","Field Workflow","Bright Digital","2025-09-18","00:22","02:53","2.5","127.68","logged","Worked on docs"
"Implement contract signer","Internal Website","Bright Digital","2025-09-17","23:22","00:16","0.89","58.08","logged","Worked on UI"
"Design logging system","Growth API","Prime Studios","2025-09-17","22:22","01:27","3.08","160.36","logged","Worked on docs"
"Audit billing logic","Growth Workspace","Bright Digital","2025-09-17","21:22","01:13","3.84","330.31","logged","Worked on docs"
"Document report export","Payment Workspace","Prime Studios","2025-09-17","21:22","00:26","3.07","266.99","logged","Worked on logic"
"Migrate email queue","Growth API","Prime Studios","2025-09-17","20:22","22:45","2.38","121.56","logged","Worked on logic"
"Optimize API gateway","Customer API","Client Name","2025-09-17","18:22","21:46","3.39","261.18","logged","Worked on tests"
"Design logging system","Platform App","Client Name","2025-09-17","17:22","20:24","3.03","202.88","logged","Worked on docs"